id,property_name,avg_price_per_night,guests,bedrooms,beds,baths,reviews,Rating,Ocupação,Receita Bruta
7158567,Brand new condo with amazing view!!,$119.00,6,2,2,2,71,5,72.50%,"$31,490.38"
10549074,Private 2 bedroom Apartment in POOL home,$49.00,4,2,2,1,161,5,79.08%,"$14,144.05"
20000007,MyRental Property 41,$129.00,4,2,2,2,39,5,79.67%,"$37,511.05"
6629005,"Fantasy World 2br, Universal Studio",$110.00,6,2,3,2,201,5,79.00%,"$31,718.50"
29000584,Fantasy World Resort - Disney / Universal Studios,$118.00,6,2,3,2,8,5,80.42%,"$34,635.46"
7817121,Fantasy World 2 bed/2 bath - Sea World,$89.00,6,2,3,2,151,5,81.42%,"$26,448.20"
20362503,"Fantasy World Resort ,free shuttle to all Parks",$135.00,8,2,3,2,37,5,79.58%,"$39,214.69"
19805706,Free water park! Luxury 2BR -10 minutes to Disney,$95.00,6,2,3,2,69,4.5,82.33%,"$28,549.08"
6316725,2BED/2BATH PREMIUM LARGE CONDO - VISTA CAY (2002),$139.00,5,2,3,2,62,5,83.08%,"$42,152.33"
6629060,Fantasy World 2br - Fantasy Boardwalk,$100.00,6,2,3,2,86,5,76.17%,"$27,800.83"
8608361,Fantasy World 2br - Rosie,$82.00,6,2,3,2,122,5,79.75%,"$23,869.18"
20483092,Fantasy World 2br - Disney MGM Studios #2,$85.00,6,2,3,2,49,5,77.25%,"$23,966.81"
14121078,3 mi to Disney!*Spacious 2BR/2BA+Loft Resort Condo,$90.00,6,2,3,2,42,5,82.08%,"$26,964.38"
12762999,Stay near Disney World at Windsor Hills Resort,$90.00,6,2,3,2,80,5,80.67%,"$26,499.00"
16733936,"3 Luxury Bed/Bath-Disney,Universal, Seaworld,Conv",$80.00,7,2,3,2,61,5,74.25%,"$21,681.00"
21275497,Kiki's Townhouse (Regal Oaks Resort),$115.00,8,2,3,2.5,40,5,75.08%,"$31,516.23"
8240267,15 Minutes From Disney ★ Full Kitchen And Balcony,$78.00,5,2,3,1,81,5,75.75%,"$21,566.03"
9215121,Resort in the Heart of Orlando!,$78.00,4,2,3,2,108,5,83.42%,"$23,748.73"
16929290,"4 Luxury Bed/Bath-Disney,Universal, Seaworld,Conv",$80.00,7,2,3,2,52,5,79.42%,"$23,189.67"
22158655,Sand Castle Cottage #98 at Disney,$75.00,7,2,3,1,38,5,77.92%,"$21,329.69"
22526082,house near parks,$70.00,4,2,3,1,18,5,80.67%,"$20,610.33"
20000008,MyRental Property 40,$138.00,4,2,3,2,34,5,78.50%,"$39,540.45"
22679214,Incredible FantasyWorld NewlyRenovated Near Disney,$100.00,8,2,4,2,61,5,80.50%,"$29,382.50"
4455332,Beautiful & spacious near Disney,$85.00,7,2,4,2,177,5,78.00%,"$24,199.50"
8932762,Fun in Fantasy very close to Disney,$135.00,6,2,4,2,116,4.5,77.50%,"$38,188.13"
21349367,BreathTaking!FantasyWorld NewlyRenovated Nr Disney,$59.00,8,2,4,2,46,4.5,79.67%,"$17,156.22"
23915896,Fantasy World Resort 2 Bedroom near Disney A,$112.00,6,2,4,2,29,5,78.08%,"$31,920.47"
19762740,Fantasy World 2br - Wet N Wild #3,$90.00,6,2,4,2,72,4.5,77.42%,"$25,431.38"
25297365,"Fantasy World 2br, Luxury on Wet N Wild.",$97.00,6,2,4,2,34,5,77.92%,"$27,586.40"
5900089,Renovated townhouse with waterpark!,$119.00,6,2,4,2,96,5,80.83%,"$35,109.96"
24676791,NO AIRBNB FEES! 5 Miles 2 Disney-Free Water Park-D,$99.00,6,2,4,2,34,5,79.17%,"$28,606.88"
23634628,Beautiful New Resort-Style Condo Near Theme Parks,$114.00,5,2,4,2,45,5,75.58%,"$31,450.23"
17867573,"Fantasy World 2br, Wet N Wild #2, 10min to Disney!",$90.00,6,2,4,2,81,5,83.50%,"$27,429.75"
2206869,Runaway Beach Club - 2br/2bath 1300 sqft sleeps 6,$81.00,7,2,4,2,187,5,75.92%,"$22,444.76"
933642,LUXURY VILLA 1.5 MILES TO DISNEY,$77.00,5,2,4,2,75,5,81.33%,"$22,858.73"
5048917,"Fantasy World 2br, Wet N Wild! Close to Disney!",$97.00,6,2,5,2,204,4.5,80.92%,"$28,648.55"
15057034,"From $99 near DisneyWorld, Pool, NETFLIX, PS4!",$107.00,6,2,4,2,22,5,79.42%,"$31,016.18"
5201454,2 bed/2.5 bath & hot tub by Disney,$95.00,6,2,4,2.5,114,5,81.00%,"$28,086.75"
11203116,"Rare Disney Property, 2 Bd/Slp 8 Wymdham Bonnet",$150.00,8,2,4,2,19,5,82.58%,"$45,214.38"
22050349,Cozy townhouse close to Disney and Universal,$109.00,6,2,4,2.5,30,5,76.08%,"$30,269.75"
21177012,Brand New 2BR home•DisneyUniversal•Private Hot Tub,$120.00,6,2,4,2.5,33,5,76.08%,"$33,324.50"
20131718,Disney/Universal Home Away from Home!,$100.00,8,2,4,2.5,39,5,78.42%,"$28,622.08"
9044487,"2 bedroom Villa near Disney,Universal,Seaworld,I-4; 2 bedroom Villa near Disney,Universal,Seaworld,I-4",$79.00,6,2,4,2,164,5,78.92%,"$22,755.62"
9985269,Newly Renovated Condo near Disney!,$50.00,6,2,4,2,75,5,83.33%,"$15,208.33"
18882626,Small World!,$84.00,7,2,4,1,47,5,77.83%,"$23,863.70"
2431772,DISNEY VACATION APARTMENT~EXCELLENT,$65.00,6,2,5,2,172,4.5,82.17%,"$19,494.04"
25550638,NO AIRBNB FEES! 5 Miles 2 Disney-Free Water Park-E,$99.00,8,2,5,2,37,5,79.08%,"$28,576.76"
13436396,Beautiful Pool and Lake View Condo Near Disney.,$99.00,8,2,6,2,129,5,77.58%,"$28,034.74"
7051769,Great Lake View Condo Near Disney.,$125.00,8,2,6,2,189,5,79.67%,"$36,347.92"
16032827,Amazing Resort Condo Near Disney.,$89.00,8,2,6,2,133,5,83.33%,"$27,070.83"
19800550,2BR Luxury townhome - Waterpark! 10 min to Disney,$125.00,6,2,6,2,49,5,75.33%,"$34,370.83"
13046652,DISNEY WORLD ORLANDO - FEEL AT HOME IN THIS PLACE,$79.00,6,3,3,2,64,4.5,74.83%,"$21,578.19"
21438273,"Nice big house, close to Disney and attractions!",$75.00,9,3,3,2,73,4.5,74.08%,"$20,280.31"
15599447,Newly updated 3BD/3.5BA town home in Vista Cay!,$189.00,10,3,3,3.5,40,5,76.08%,"$52,486.09"
19605653,Oasis Retreat by Sparkling pool!,$119.00,8,3,3,2,25,5,82.75%,"$35,942.46"
19716237,Resort pool smart house,$199.00,8,3,3,2,22,5,75.58%,"$54,899.95"
17591776,"Close by DISNEY, where Dreams come true.",$100.00,6,3,3,2,35,5,77.33%,"$28,226.67"
12983935,Downtown Orlando Luxury Townhouse,$149.00,6,3,3,2,47,5,82.50%,"$44,867.63"
22504951,DOWNTOWN ORLANDO - PRIVATE POOL HOME - RETREAT,$129.00,6,3,3,2,26,5,81.08%,"$38,178.09"
17684845,Disney Home for YOU,$68.00,6,3,3,2.5,38,5,79.33%,"$19,690.53"
12965841,Townhouse Home from Home,$85.00,6,3,4,2.5,61,5,78.75%,"$24,432.19"
8086960,Villa Zion - Feel @ home when away!,$70.00,6,3,4,2.5,102,5,70.83%,"$18,097.92"
20363744,Entire Home - Luxury Resort - 3 bedrooms,$94.00,6,3,4,2.5,93,5,81.67%,"$28,019.83"
8538084,Beautiful 3 Bedroom Townhome / SPA,$95.00,8,3,4,2.5,66,5,84.00%,"$29,127.00"
9443000,Beautiful Kissimmee Pool Home,$130.00,6,3,4,2,56,5,80.42%,"$38,157.71"
3152957,Luxury Superior 3Bd House with Private Pool@Disney,$92.00,8,3,4,2,74,4.5,84.50%,"$28,375.10"
287406,3BD Villa near Disney@VB from $89nt,$99.00,6,3,4,2,151,4.5,74.75%,"$27,010.91"
137602,3 Bedroom Disney Area home,$79.00,6,3,4,2.5,103,4.5,73.83%,"$21,289.84"
11168851,Condo Near Walt Disney World - Kissimmee,$79.00,8,3,4,2,93,5,82.08%,"$23,668.73"
12195260,Lakeside Florida holiday home close to attractions,$97.00,6,3,4,2.5,34,5,77.42%,"$27,409.37"
6673970,3 bedroom Orlando Florida pool home,$100.00,6,3,4,2,75,5,78.00%,"$28,470.00"
9698631,Magical Villa Next to Disney Parks,$90.00,6,3,4,2.5,76,4.5,74.83%,"$24,582.75"
12932620,The Anchor House at Terra Verde,$65.00,8,3,4,2.5,72,5,82.75%,"$19,632.44"
22205836,Single Level - No Carpet - Gated Community! (4695),$99.00,8,3,4,2,22,5,78.67%,"$28,426.20"
1772507,SUNSET LAKE ASK FOR SPECIAL $,$115.00,6,3,4,2,46,5,79.67%,"$33,440.08"
1816829,3BR Villa near Disney@7D from $95nt,$95.00,6,3,4,2,117,4.5,76.08%,"$26,381.90"
7591082,$149+ pool and lake view by Disney,$149.00,6,3,4,2,107,5,78.00%,"$42,420.30"
20480676,Vista Bay Villa,$95.00,6,3,4,2,42,5,79.00%,"$27,393.25"
18652692,Beautiful Hollywood Style home next to Disney,$145.00,7,3,4,2.5,40,5,77.58%,"$41,060.98"
3696964,3 BED/2BATH LAKE VIEW CONDO - VISTA CAY (1005),$169.00,7,3,4,2,70,5,75.83%,"$46,777.79"
10442883,OCCC Home 4-3-2 Walk to Publix Walk to Pool/Hoops,$91.00,8,3,4,2,162,5,82.67%,"$27,457.73"
17455140,Convention Center Classic in Luxury Resort wlk2mkt,$55.00,8,3,4,2,66,5,79.33%,"$15,926.17"
1700198,Beautiful Resort Condo,$70.00,7,3,4,2,201,5,82.58%,"$21,100.04"
1728673,REUNION RESORT LUXURIOUS VACATION,$85.00,8,3,4,2.5,74,4.5,75.00%,"$23,268.75"
6133023,3-story townhome sleeps up to 10!!!,$123.00,10,3,4,3.5,64,5,74.92%,"$33,633.84"
6184085,Fantastic 3BR condo close to pool!!,$119.00,8,3,4,2,75,5,75.83%,"$32,938.21"
8185243,Modern design for a luxurious stay,$108.00,6,3,4,2,50,5,84.08%,"$33,145.65"
8552155,3BR/2BA 1st floor condo sleeps 10!,$150.00,10,3,4,2,52,5,82.25%,"$45,031.88"
11336987,"Charming 3BR, 2BA Orlando Condo!!!!",$107.00,8,3,4,2,40,5,81.25%,"$31,732.19"
2411447,Vista Cay Townhome 4 BED 3 BATH,$128.00,8,3,4,3.5,108,5,85.42%,"$39,906.67"
11187399,4 MIN TO CON. CENTER + FREE PRK/WIFI/POOL#26109,$160.00,10,3,4,2,63,5,78.83%,"$46,038.67"
2887828,"$139+ for 6, private pool by Disney",$139.00,6,3,4,2,132,5,81.33%,"$41,264.47"
8809051,Stylish Vista Cay Condo. Nr all Parks and OCCC,$210.00,6,3,4,2,36,5,76.08%,"$58,317.88"
2985306,Orlando Vacation Condo - 3bed/2bath,$140.00,7,3,4,2,144,5,74.25%,"$37,941.75"
8014031,Beautiful Pool Home Close to all Attractions!,$150.00,7,3,4,2,72,5,83.25%,"$45,579.38"
11658737,Top Fl Suite 10 min to DISNEY w/ FIREWORKS view,$129.00,8,3,4,2,27,5,79.25%,"$37,314.86"
13866723,Spacious 2BR+Loft Resort Condo 3 Miles to Disney!!,$90.00,7,3,4,2,56,5,74.58%,"$24,500.63"
13655042,Cancelled #13,$122.00,8,3,4,2,14,5,83.00%,"$36,959.90"
6332230,Luxury 3-bdr house next to Disney,$105.00,8,3,4,3,97,5,82.00%,"$31,426.50"
7558456,Casa Encantada Resort Disney,$86.00,8,3,4,2.5,54,5,77.33%,"$24,274.93"
7678340,Beautiful 3 bedroom 2 bath condo,$119.00,6,3,4,2,59,5,78.33%,"$34,024.08"
13897065,Vista Cay 3B Lakeview Condo (#3104),$135.00,8,3,4,2,79,5,80.83%,"$39,830.63"
16367143,NEW! Home Near Disney - Lucaya Village (16-106),$119.00,6,3,4,2,59,5,78.67%,"$34,168.87"
21028983,NEW! 3 Bedroom / 2 Bathroom Lucaya 15-102,$110.00,8,3,4,2,28,5,78.08%,"$31,350.46"
12953250,Cozy Condo3/2- Near Disney Resort Areas,$78.00,8,3,4,2,56,5,86.17%,"$24,531.65"
19428269,New Town House Very Confortable,$83.00,8,3,4,2,26,5,85.75%,"$25,977.96"
15998055,LUXURY 3BED 2BATH TOWNHOUSE CLOSE TO DISNEY!!!,$99.00,6,3,4,2,54,5,79.58%,"$28,757.44"
23964247,Gorgeous Villa at Seven Dwarfs. Near Disney!,$94.00,6,3,4,2,17,5,78.08%,"$26,790.39"
17544911,Regal Oaks Resort Getaway at Disney Orlando,$129.00,7,3,4,3,41,5,73.83%,"$34,764.43"
19471696,3-Star Hotel Suite Grade Luxury House near Parks,$50.00,9,3,4,2,106,5,75.00%,"$13,687.50"
20203477,Newly Renovated Home 10 Minutes from Disney!,$94.00,6,3,4,2,30,5,77.67%,"$26,647.43"
9334210,Orlando Florida Conv Ctr 3 ensuites,$111.00,10,3,4,3.5,136,5,80.08%,"$32,445.76"
12431348,☆Big Townhouse near airport & 25 min to Disney☆,$100.00,8,3,4,1.5,236,5,79.25%,"$28,926.25"
17775379,Spacious townhome close to Disney World,$85.00,6,3,4,3,28,5,80.75%,"$25,052.69"
19713980,Resort Vacation ★ 4m to Disney ★ Fun Water Slides,$100.00,8,3,4,3,32,5,77.00%,"$28,105.00"
8319329,The best view inside and out.,$130.00,8,3,4,2,90,5,78.25%,"$37,129.63"
14826133,Make Rich Everlasting Memories & Dreams Come True,$120.00,8,3,4,2,19,5,78.08%,"$34,200.50"
15144296,Luxurious Cane Island Resort condo near Disney,$89.00,6,3,4,2,38,5,82.58%,"$26,827.20"
17434896,Private Home w/ Pool/3 Bd 2 Bath/Close to Disney,$118.00,6,3,4,2,43,5,84.92%,"$36,573.61"
20000028,MyRental Property 21,$122.00,8,3,4,2,43,5,82.08%,"$36,551.71"
20000045,MyRental Property 04,$122.00,8,3,4,2,30,4.5,83.83%,"$37,330.98"
19554341,LAS FUENTES VILLA,$95.00,7,3,4,2,40,4.5,80.08%,"$27,768.90"
13342365,"Great place for 8, just 10 min from Disney + WiFi",$91.00,8,3,5,2,49,5,81.83%,"$27,180.94"
24980019,Fantastic Resort Condo 15 min from Disney,$76.00,8,3,5,2,34,5,82.08%,"$22,769.92"
5252947,"Disney Luxury 5* Star Condo 3 BD / 2,5 BT - SLP 8",$75.00,8,3,5,2.5,122,5,75.17%,"$20,576.88"
1569029,JUST REMODELED!! 3BDR/2BTH Villa near Disney World,$98.00,8,3,5,2,154,4.5,88.50%,"$31,656.45"
17875047,Comfortable and Beautiful 3BR House near Disney,$80.00,6,3,5,2,66,4.5,78.08%,"$22,800.33"
13811990,Disney Delight,$75.00,8,3,5,2,76,4.5,83.00%,"$22,721.25"
7843162,DISNEY WORLD ORLANDO - THE BEST PLACE IN TOWN,$80.00,6,3,5,2.5,91,4.5,81.50%,"$23,798.00"
19193485,3 Bed Townhouse on gated community in Kissimmee.,$80.00,6,3,5,2,8,5,79.92%,"$23,335.67"
4732934,Amazing Townhome near Disney,$81.00,8,3,5,2.5,58,4.5,76.92%,"$22,740.41"
15541665,Fun for All at Laguna Bay,$89.00,6,3,5,2,74,5,81.83%,"$26,583.56"
20182582,Bella Vida Hideaway with Splash pool,$89.00,6,3,5,3,18,5,75.58%,"$24,553.25"
50006,Villas at Seven Dwarfs 25,$80.00,8,3,5,2,137,4.5,79.00%,"$23,068.00"
22009529,Wonderful Family Oriented Home in Lovely Kissimmee,$116.00,8,3,5,2,42,5,81.42%,"$34,471.82"
768869,"3 Bed Shuttle DISNEY, V NICE RESORT",$95.00,7,3,5,2,105,5,79.17%,"$27,451.04"
10500134,3 bedroom Villa in Kissimmee,$70.00,7,3,5,2,72,4.5,75.92%,"$19,396.71"
26957501,Villa in Seven Dwarfs Resort 3/2 Disney Área!!!!,$100.00,7,3,5,2,32,5,80.50%,"$29,382.50"
2710757,Close to Disney! Immaculate Villa ! Great Resort!,$125.00,8,3,5,2,115,5,81.50%,"$37,184.38"
18999513,Entire Home; Spacious 3bed/2bath Near Attractions,$84.00,7,3,5,2,57,5,75.83%,"$23,250.50"
4902174,Villa Yvette 3 BDR near Disney,$70.00,6,3,5,2.5,48,4.5,75.17%,"$19,205.08"
23189746,Sweet vacation home,$89.00,8,3,5,2,27,5,83.17%,"$27,016.69"
11190914,"Spacious 3 Bedroom w/Game Room Loft, Near DISNEY",$82.00,8,3,5,2,37,5,80.83%,"$24,193.42"
5882835,Convention Center Shingle Parks,$114.00,10,3,5,3.5,174,5,78.83%,"$32,802.55"
23921376,Beautiful 3BD town home in the Vista Cay Resort!!!,$141.00,10,3,5,3.5,12,5,78.33%,"$40,314.25"
2687369,"Clean, Comfortable, and Spacious!",$71.00,8,3,5,2.5,170,5,82.00%,"$21,250.30"
17731571,"10 min to Disney, Wifi + Cable, Sleep Number Bed!",$71.00,8,3,5,3,39,5,82.83%,"$21,466.26"
19437507,"Vacation town home, minutes away from Disney.",$135.00,7,3,5,2.5,44,5,79.25%,"$39,050.44"
14072047,3 mi to Disney!*Spacious 3BR/2BA+Loft Resort Condo,$92.00,8,3,5,2,45,5,81.42%,"$27,339.72"
13651273,Cancelled #17,$133.00,10,3,5,2,5,4.5,82.08%,"$39,847.35"
6223609,3 bed/2.5 bath & hot tub by Disney,$106.00,8,3,5,2.5,105,5,79.75%,"$30,855.28"
5597793,Villa near Disney with heated pool,$100.00,6,3,5,2,18,5,82.92%,"$30,264.58"
21380410,"Lucaya Village, close to Disney",$130.00,8,3,5,2,19,5,81.75%,"$38,790.38"
9532579,Vista Cay Lake view 3B condo #3091; Vista Cay Lake view 3B condo #3091,$135.00,8,3,5,2,91,5,79.42%,"$39,132.56"
10072054,Vacation Home near Disney,$95.00,6,3,5,2.5,70,5,81.58%,"$28,289.02"
12048256,Disney Universal Convention Center - Renewed,$112.00,8,3,5,2,90,5,77.25%,"$31,579.80"
3903420,Best place for vacation or business,$134.00,6,3,5,3.5,122,5,80.50%,"$39,372.55"
14664694,Luxury Townhouse near Disney,$89.00,8,3,5,2.5,22,5,78.50%,"$25,500.73"
16268160,Disney area 3 Bedroom 2 Bath-Private Pool - 5371,$139.00,8,3,5,2,27,5,74.92%,"$38,008.97"
18367561,"Regal Oaks-Olga,3 brs. Enjoy your private jacuzzi!",$98.00,8,3,5,2.5,59,5,82.17%,"$29,391.02"
20661704,"Family Friendly Villa, Disney, Universal, Orlando",$89.00,6,3,5,2,39,5,79.58%,"$25,852.65"
6722442,Fantastic 3 Bed/2 Bath Condo!,$117.00,8,3,5,2,65,5,79.33%,"$33,879.30"
16487922,Entire Home Relax in walking distance to downtown,$80.00,7,3,5,1,163,5,73.67%,"$21,510.67"
19483578,Cozy family house with private pool.,$90.00,6,3,5,2.5,28,5,79.08%,"$25,978.88"
19874111,Disney House by Harry Potter - 01,$109.00,8,3,5,2,50,5,80.50%,"$32,026.93"
23861616,Luxury Home in Disney Area,$125.00,10,3,5,2,24,5,73.08%,"$33,344.27"
6054968,Vista Cay Townhome 3BR,$120.00,8,3,5,3.5,78,5,79.83%,"$34,967.00"
20000018,MyRental Property 31,$119.00,8,3,5,2,22,4.5,79.50%,"$34,530.83"
20000030,MyRental Property 19,$122.00,8,3,5,2,43,4.5,76.08%,"$33,879.91"
20000043,MyRental Property 06,$122.00,10,3,5,2,30,4.5,80.08%,"$35,661.11"
16186354,Cozy for Family Vacation WL8988,$117.00,8,3,7,2,15,5,85.67%,"$36,583.95"
13556938,Disney Townhome,$75.00,8,3,6,2.5,80,4.5,77.42%,"$21,192.81"
1734922,"Florence, Lake Berkley Resort - 3br",$71.00,6,3,6,2.5,203,5,77.83%,"$20,170.51"
16933178,Runaway2 Great 3 bd Gated Luxury Minutes to Disney,$85.00,10,3,6,2,67,4,76.17%,"$23,630.71"
73009,Villas at Seven Dwarfs 24,$80.00,8,3,6,2,159,4.5,81.17%,"$23,700.67"
22317216,Florida Fun in the Disney/Universal Parks Area,$100.00,10,3,6,2,35,4.5,81.00%,"$29,565.00"
5311851,COZY VILLA AT THE HEART OF DISNEY,$92.00,8,3,6,2,51,4.5,84.42%,"$28,347.12"
12973790,Terra Verde Home Near Disney!(4764),$78.00,8,3,6,2.5,66,4.5,80.00%,"$22,776.00"
19489509,Nautical themed Venetian Bay Village Disney World,$90.00,7,3,6,2,87,5,77.58%,"$25,486.13"
11472197,WONDERFUL HOUSE NEXT TO DISNEY TERRAVERDE RESORT,$91.00,8,3,6,2.5,92,4.5,73.42%,"$24,385.35"
2078529,DISNEY-Lakefront-Upgraded-Private Pool★★★,$99.00,8,3,6,2.5,51,5,75.17%,"$27,161.48"
13829391,Convention Center Close - 3BR 6beds,$99.00,10,3,6,3.5,91,5,79.92%,"$28,877.89"
19626737,Tideview Townhome Convention Center,$115.00,10,3,6,3.5,49,5,74.92%,"$31,446.27"
15002172,Casa ao lado da Disney - 3 minutos - House Disney,$59.00,8,3,6,3,44,5,78.50%,"$16,904.98"
10465663,3/2 Magical Tuscan Experience,$89.00,6,3,6,2,91,5,84.50%,"$27,449.83"
23407063,Luxury Home Disney and Universal Studio,$89.00,8,3,6,3,18,5,79.00%,"$25,663.15"
5796419,AMAZING RESORT HOUSE NEXT to DISNEY,$87.00,8,3,6,2.5,152,5,78.25%,"$24,848.29"
19364079,COSTAL Venetian Bay Village condo -Disney World!!,$90.00,10,3,7,2,70,5,78.67%,"$25,842.00"
2332809,House Disney in Orlando / Vacation,$51.00,9,3,7,3,66,5,77.83%,"$14,488.68"
6378125,YOUR SWEET HOME VACATIONS AREA DISNEY.,$80.00,8,3,7,2,38,5,75.42%,"$22,021.67"
20087984,Large Resort Condo Near Disney.,$96.00,10,3,7,2,49,5,79.75%,"$27,944.40"
12666575,Home Near Disney! (10-105),$121.00,10,3,7,2,61,5,83.83%,"$37,024.99"
22960381,*NEWLY RENOVATED* Chic Disney Vacation Home w/POOL,$129.00,10,3,7,2,26,5,79.33%,"$37,354.10"
13016339,6bds/3BR/3Fl/3.5ba Convention Ctr/Shingle Creek,$99.00,10,3,8,3.5,98,5,77.67%,"$28,064.85"
15966051,"3 BEDROOMS 2 HEADS, STYLISH, CLOSE TO DISNEY",$82.00,10,3,10,2,32,5,75.25%,"$22,522.33"
18132228,Nova casa disney ate 12 pessoas - new house up 12,$49.00,12,3,10,2.5,26,5,81.50%,"$14,576.28"
2755158,South Facing Pool / Spa / Games Room /WiFi & Cable,$135.00,10,4,4,3,33,5,75.58%,"$37,243.69"
19653840,4 Bedroom/3 Bathroom Crystal Cove (1044TD),$142.00,8,4,4,3,20,4.5,79.50%,"$41,204.85"
3050658,Best vacation spot next to DISNEY!!,$91.00,8,4,4,3,97,4.5,72.33%,"$24,025.52"
9294964,Bella Vida Dream,$125.00,8,4,4,3,42,5,78.58%,"$35,853.65"
15542607,LUXURY 4 BED 3 BATH TOWNHOUSE NEAR DISNEY,$150.00,8,4,5,3,44,5,87.08%,"$47,678.13"
5394508,4BR/3BA /rent a dream townhouse,$100.00,8,4,5,3,31,4.5,78.50%,"$28,652.50"
9625698,Storey Lake Resort Townhome with private pool,$115.00,10,4,5,3,74,4.5,80.92%,"$33,964.77"
3051708,Family Vacation Home in Gated Resort /Private Pool,$108.00,9,4,5,3,51,4.5,79.83%,"$31,470.30"
16283846,House 7 minutes from Disney and Out Let,$125.00,8,4,5,3,41,5,81.08%,"$36,994.27"
15780218,Villa near Disney 4Bd Luxury Villa Private pool,$105.00,8,4,5,4,50,5,82.25%,"$31,522.31"
11284092,"Big Villa, Heated Pool 9ms Disney",$129.00,10,4,5,3,59,5,80.67%,"$37,981.90"
172917,Beautiful 4br condo min from Disney,$70.00,10,4,5,3,90,5,75.67%,"$19,332.83"
20652342,SPECIAL OFFER Storey Lake 4Bd&3Ba+Pool Lake JN4903,$149.00,8,4,5,3,40,5,76.00%,"$41,332.60"
4512108,Veranda Palms Luxurious Home w/Pool & NEAR DISNEY,$110.00,8,4,5,3,118,5,80.58%,"$32,354.21"
16743627,3078 Great 4 Bedroom w/Clubhouse and Private Pool,$129.00,9,4,5,3,64,5,80.33%,"$37,824.95"
20378790,"Modern + Fun! Includes Waterpark! Disney 4BR, Lake View-Storey Lake (3053GS)",$149.00,8,4,5,3,21,5,82.83%,"$45,048.91"
8007546,Disney Lake view,$100.00,8,4,5,2.5,57,4.5,78.50%,"$28,652.50"
12850773,SHORT TERM RENTAL,$85.00,8,4,5,3.5,66,5,77.50%,"$24,044.38"
13061503,Brand new townhome with splash pool,$125.00,10,4,5,2,66,5,78.58%,"$35,853.65"
194227,Beautiful 4 bedroom townhouse,$79.00,8,4,5,3,102,4.5,76.83%,"$22,154.89"
26838783,4BD/3BA Modern upgraded Townhome -private pool #62,$129.00,8,4,5,3,13,5,87.33%,"$41,120.90"
21789001,NO AIRBNB FEES! 5 Miles 2 Disney-Free Water Park-C,$119.00,10,4,5,3,52,5,83.17%,"$36,123.44"
13641308,House Crystal Cove,$130.00,8,4,5,3,50,5,81.58%,"$38,711.29"
16714966,Disney World Area Villa Orlando * 4 Beds * Pool *,$75.00,10,4,5,3,38,5,78.58%,"$21,512.19"
16437727,Luxurious 4BR/3BA with private pool in Storey Lake,$125.00,8,4,5,3,36,4.5,79.67%,"$36,347.92"
8274616,Minnie Heaven - 4 Miles from Disney,$119.00,8,4,5,3,45,5,77.75%,"$33,770.71"
3323744,Disney vacation home w/4 suites!,$110.00,8,4,5,4,77,5,80.92%,"$32,488.04"
3888457,2 Story 4Bed/4Ba Disney Pool Villa -Golf Shopping,$110.00,9,4,5,3.5,71,5,81.17%,"$32,588.42"
6569956,Casa Disney,$80.00,9,4,5,3,46,5,76.50%,"$22,338.00"
13417244,"New Townhome 4/3½ near Disney, Universal, Walmart.",$125.00,8,4,5,3.5,41,5,77.42%,"$35,321.35"
17343622,Family Friendly Close to Disney,$100.00,10,4,5,3,62,5,83.92%,"$30,629.58"
8101253,Beautiful house near Disney Parks !,$140.00,10,4,5,4,26,5,76.92%,"$39,304.42"
14093858,Vista Cay Luxury 4 bedroom Condo (#3080),$180.00,8,4,5,2,70,5,79.00%,"$51,903.00"
23768843,Brand new house close to all!,$130.00,8,4,5,3.5,18,5,83.83%,"$39,778.92"
17497008,"3080 4 BedTownhouse in Kissimmee, 15 min to Disney",$149.00,10,4,5,3,51,5,77.33%,"$42,057.73"
18789999,"Regal Oaks-Camaro,4brs,Enjoy your private jacuzzi!",$105.00,10,4,5,3.5,54,5,81.42%,"$31,202.94"
19250227,Regal Oaks Resort Hideaway at Disney Orlando,$129.00,9,4,5,3,26,5,74.92%,"$35,274.51"
14662246,Beautiful and Modern 4 Bedroom Home with Pool!!,$130.00,9,4,5,1.5,72,5,78.00%,"$37,011.00"
15361238,Spaciacious Pool House Near Disney and Universal,$175.00,8,4,5,2.5,35,5,75.00%,"$47,906.25"
15535946,"4 Bedroom Villa -Fully Upgraded, Near Disney",$99.00,9,4,5,3,53,5,78.50%,"$28,365.98"
19554226,NEW!!! Modern and spacious family vacation home,$180.00,8,4,5,2.5,25,5,83.17%,"$54,640.50"
16975215,#3111 Mickey,$175.00,8,4,5,3.5,28,5,76.08%,"$48,598.23"
17779066,Compass Bay 5124KW - New House Close to Disney,$145.00,10,4,5,3.5,36,5,82.00%,"$43,398.50"
20000003,MyRental Property 45,$169.00,8,4,5,3,29,5,82.58%,"$50,941.53"
20000004,MyRental Property 44,$189.00,8,4,5,3,10,4.5,78.42%,"$54,095.74"
20000005,MyRental Property 43,$150.00,8,4,5,3,4,4.5,78.17%,"$42,796.25"
20000021,MyRental Property 28,$159.00,8,4,5,3,47,5,81.83%,"$47,491.98"
20000023,MyRental Property 26,$150.00,8,4,5,3,19,4.5,83.42%,"$45,670.63"
20000032,MyRental Property 17,$189.00,10,4,5,3,52,5,80.75%,"$55,705.39"
26275806,Dream House Near Disney,$129.00,9,4,6,2.5,26,5,76.67%,"$36,098.50"
31509996,SPECIAL OFFER! Storey Lake 4Beds&3Bath+Pool TH4832,$149.00,10,4,6,3,112,5,77.00%,"$41,876.45"
31565768,SPECIAL OFFER! Storey Lake 4Beds&3Bath+Pool 4978,$119.00,10,4,6,3,44,5,83.17%,"$36,123.44"
12977577,"Conservation View, Hot Tub, Very Private",$132.00,8,4,6,2,23,5,81.17%,"$39,106.10"
13583937,SPECIAL OFFER Storey Lake 4Bd&3ba Pool&Lake JH3157,$149.00,8,4,6,3,71,5,80.25%,"$43,643.96"
13597847,SPECIAL OFFER Storey Lake 4Bd&3ba Pool&Lake JP3151,$169.00,10,4,6,3,61,5,80.25%,"$49,502.21"
16241453,Comfort and modernity at your fingertips,$135.00,8,4,6,3,60,5,74.33%,"$36,627.75"
19829852,SPECIAL OFFER Storey Lake 4bed&3bath + Pool FC3056,$149.00,8,4,6,3,44,5,78.58%,"$42,737.55"
21697647,SPECIAL OFFER Storey Lake 4Bd&3Ba+Pool Lake GL4863,$149.00,10,4,6,3,33,5,80.42%,"$43,734.60"
8596601,4B New Home/Pool/Wifi/10Min Disney,$139.00,8,4,6,3,62,5,78.17%,"$39,657.86"
5385993,♥Spacious 5 Stars PvtPool in Disney Area☆No Carpet,$116.00,8,4,6,2,99,5,78.17%,"$33,095.77"
17492179,Gardenia 2331,$95.00,10,4,6,3,34,4.5,79.75%,"$27,653.31"
19303828,SPECIAL OFFER Storey Lake 4bed&3bath + Pool LV3058,$149.00,10,4,6,3,41,5,81.92%,"$44,550.38"
14931746,M-U-S-T-S-E-E- 4BR with Lake View 5 min from Disney(3155PP),$120.00,8,4,6,3,30,4.5,81.08%,"$35,514.50"
20653003,SPECIAL OFFER Storey Lake 4Bd&3Ba+Pool Lake CV4905,$109.00,11,4,6,3,23,5,79.08%,"$31,463.30"
26452680,Brand New Storey Lake 4Bdr private pool,$149.00,10,4,6,3,14,4.5,83.42%,"$45,366.15"
11640495,4802 STOREY LAKE CLOSE TO DISNEY,$149.00,9,4,6,3.5,64,5,76.08%,"$41,377.92"
15879493,"AMAZING 4Bdrm, Near DISNEY , Private Pool !!",$135.00,8,4,6,3,26,5,78.17%,"$38,516.63"
16087481,Private 4 bedroom pool home 9 miles to Disney,$139.00,8,4,6,2,43,4.5,76.58%,"$38,854.55"
644892,Spacious Villa near Disney,$69.00,8,4,6,3,58,4.5,73.50%,"$18,510.98"
30443579,4 Bedroom POOL Home Minutes from All Attractions!,$119.00,10,4,6,3,5,5,77.58%,"$33,698.32"
31388226,SPECIAL OFFER! Storey Lake 4Beds&3Bath+Pool BV4834,$149.00,10,4,6,3,0,5,83.33%,"$45,320.83"
13432035,"Beautiful pool villa, gated community, near Disney",$115.00,8,4,6,3,61,5,80.08%,"$33,614.98"
10588229,"Comfortable 4BR/3B, perfect location! Check it out",$69.00,10,4,6,3,97,5,82.92%,"$20,882.56"
21571069,"4BR Luxury home, Themed rooms -10Minutes to DISNEY",$98.00,10,4,6,3,52,5,79.58%,"$28,466.96"
18734906,SPECIAL OFFER Storey Lake 4bed&3bath +Pool JAG3068,$159.00,10,4,6,3,39,5,78.25%,"$45,412.39"
19310996,NEW! 4 Bedroom/3 Bathroom Storey Lake (3062),$93.00,9,4,6,3,48,5,76.67%,"$26,024.50"
13142180,Spacious home with private pool in gated resort,$140.00,10,4,6,3,68,5,73.42%,"$37,515.92"
20919696,NO AIRBNB FEES! 5 Miles 2 Disney-Free Water Park-B,$90.00,10,4,6,3,79,5,80.17%,"$26,334.75"
22463000,SPECIAL OFFER! Storey Lake 4Beds&3Bath+Pool ME4876,$149.00,10,4,6,3,39,5,77.33%,"$42,057.73"
23562057,SPECIAL OFFER! Storey Lake 4Beds&3Bath+Pool CA4808,$149.00,10,4,6,3,24,5,79.00%,"$42,964.15"
17318001,4 BED TOWNOME IN KISSIMMEE 6 MILES FROM DISNEY!,$83.00,9,4,6,3,51,5,80.00%,"$24,236.00"
27527822,BRAND NEW! NeXt To DiSnEy 4/3 WiTh PrIvAtE PoOl!!,$149.00,10,4,6,3,13,5,73.75%,"$40,108.94"
23340822,"The family’s vacation home, just 5 mins to Disney!",$169.00,9,4,6,3,28,5,78.17%,"$48,217.11"
7005199,Luxurious 4BR PondView Disney Villa,$76.00,8,4,6,3.5,40,4.5,79.42%,"$22,030.18"
27680894,"DEAL! 4BR, 2 King Masters,Pool,GameRoom, LOCATION",$130.00,9,4,6,3,9,5,79.08%,"$37,525.04"
17193330,Modern Bellavida Resort Home 4Bed/3bath (900),$109.00,8,4,6,3,47,5,74.92%,"$29,805.60"
10727737,New Home Storey Lake Resorts,$136.00,8,4,6,3,53,5,79.42%,"$39,422.43"
14229112,SPECIAL OFFER Storey Lake 4Bd&3Bath Pool&Lake 3077,$159.00,11,4,6,3,81,5,77.08%,"$44,735.31"
20787656,SPECIAL OFFER Storey Lake 4Bd&3Ba+Pool Lake JM4887,$149.00,10,4,6,3,45,5,74.75%,"$40,652.79"
21163280,Lake Front House Resort Near Disney 4Bd 3Bath,$125.00,12,4,6,3,22,4.5,73.75%,"$33,648.44"
17956711,"Storey Lake House 6 rooms, pool private",$150.00,10,4,6,3,32,4.5,80.67%,"$44,165.00"
10772045,SPECIAL OFFER Storey Lake 4Bd3Ba Pool&Lake 4790,$129.00,10,4,6,3,45,5,83.92%,"$39,512.16"
13399092,3177 Great 4 Bedroom w/Clubhouse and Private Pool,$109.00,8,4,6,3,99,5,80.92%,"$32,192.70"
22562267,Magical Mckenna villa,$100.00,8,4,6,3,21,4.5,79.50%,"$29,017.50"
21026548,SPECIAL OFFER Storey Lake 4Bd&3Ba+Pool Lake IA4885,$149.00,10,4,6,3,26,4.5,79.25%,"$43,100.11"
21765022,"Storey Lake 4 Bdr, 3 Bth with private splash pool",$169.00,10,4,6,3,16,5,84.17%,"$51,918.21"
17381315,"ST23-CLOSE TO DISNEY,BBQ GRILL,LAKE FRONT,+RESORT!",$177.00,8,4,6,3,57,5,83.17%,"$53,729.83"
2044949,Delightful Family Villa - South Facing Pool,$125.00,9,4,6,3,29,4.5,77.25%,"$35,245.31"
20415441,Gated Community - Pool and Spa,$80.00,8,4,6,3.5,41,5,83.92%,"$24,503.67"
21698506,SPECIAL OFFER Storey Lake 4Bd&3Ba+Pool Lake GL4865,$149.00,10,4,6,3,49,5,73.67%,"$40,063.62"
22586999,Villa Abreu - Storey Lake Resort.,$148.00,8,4,6,3,22,5,76.50%,"$41,325.30"
3889184,Close to Disney. Shop Orlando.4 bdr,$110.00,9,4,6,3,94,5,84.67%,"$33,993.67"
27856008,"FreeWaterPark Resort, 5milesToDisney 4b3b",$116.00,8,4,6,3,29,5,81.42%,"$34,471.82"
20769967,SPECIAL OFFER Storey Lake 4Bd&3Ba+Pool Lake JA4907,$149.00,10,4,6,3,42,5,79.83%,"$43,417.36"
10625397,Trendy 4 bedroom pool home,$119.00,8,4,6,2,54,4.5,79.50%,"$34,530.83"
27168972,SPECIAL OFFER! Storey Lake 4Beds&3Bath+Pool PG4927,$149.00,10,4,6,3,12,5,80.67%,"$43,870.57"
22679598,Casa Condomínio Storey Lake,$160.00,8,4,6,3,10,5,74.25%,"$43,362.00"
12188148,Lightning McQueen's Pit Stop,$125.00,8,4,6,2,52,5,81.58%,"$37,222.40"
5050939,Beautiful Venetian Bay Townhouse,$82.00,8,4,6,3,66,4.5,78.17%,"$23,395.28"
12954829,SPECIAL OFFER Storey Lake 4Bd&3ba Pool&Lake GL3159,$119.00,10,4,6,3,44,5,75.92%,"$32,974.40"
20651868,SPECIAL OFFER Storey Lake 4Bd&3Ba+Pool Lake LV4899,$149.00,10,4,6,3,33,5,74.25%,"$40,380.86"
23298860,SPECIAL OFFER! Storey Lake 4Beds&3Bath+Pool EV4821,$149.00,11,4,6,3,35,5,81.25%,"$44,187.81"
7732748,NO AIRBNB FEES! 5 Miles 2 Disney-Free Water Park-A,$99.00,12,4,6,3,214,5,75.58%,"$27,312.04"
16535088,4 Bed/3.5 Veranda Palms (2629),$99.00,9,4,6,3.5,44,5,75.25%,"$27,191.59"
147140,LUXURY 4bd POOL Villa near Disney,$86.00,10,4,6,3.5,220,4.5,75.92%,"$23,830.24"
17382311,"ST24- LAKEVIEW, BBQ GRILL + RESORT,CLOSETO DISNEY!",$132.00,8,4,6,3,27,5,81.50%,"$39,266.70"
17383390,"ST26-6 MILES FROM DISNEY, BRAND NEW,LAKE FRONT!!",$137.00,8,4,6,3,27,5,82.92%,"$41,462.48"
1665428,4BED/2BATH LRG LAKE VIEW CONDO - VISTA CAY (1003),$199.00,8,4,6,2,86,5,79.75%,"$57,926.41"
9488794,Fantastic Orlando TownHome,$91.00,8,4,6,3.5,68,5,83.25%,"$27,651.49"
9729912,"4Bd, 3Ba, Pool, 15 min to Disney",$120.00,10,4,6,3,46,5,80.75%,"$35,368.50"
19239509,Storey Lake 4 bedroom 3 baths private pool MC,$159.00,8,4,6,3,24,5,78.08%,"$45,315.66"
18490436,Gorgeous New 4 Bedroom Townhouse near Disney,$160.00,10,4,6,3,30,5,81.50%,"$47,596.00"
6305833,Comfortable home near Disney,$112.00,10,4,6,3.5,118,5,78.75%,"$32,193.00"
3414014,Stylish Lakeside Disney Retreat,$195.00,10,4,6,3,40,5,82.08%,"$58,422.81"
19769199,4/3 townhouse in Orlando Resort - DISNEY UNIVERSAL,$135.00,8,4,6,3.5,53,5,85.00%,"$41,883.75"
14520119,Brand New 4BR Town Home Close to all Parks!! 21,$150.00,8,4,6,3.5,69,5,77.58%,"$42,476.88"
14628547,Brand New 4BR Home close to parks!! 25,$145.00,8,4,6,3.5,44,5,84.67%,"$44,809.83"
4029356,Cancelled #03,$134.00,8,4,6,3,27,4.5,77.75%,"$38,027.53"
13651792,Cancelled #12,$133.00,10,4,6,3,27,5,81.83%,"$39,725.99"
14022539,Cancelled #21,$172.00,8,4,6,3.5,6,5,77.00%,"$48,340.60"
4537332,4bed/3bath & private pool by Disney,$109.00,8,4,6,3,120,5,77.42%,"$30,800.22"
4777140,4-bedroom Vacation Home near ORLANDO-DISNEY,$96.00,8,4,6,3.5,48,4.5,75.92%,"$26,601.20"
5606473,Unique lakefront property 6 acres!,$60.00,12,4,6,2,133,5,80.00%,"$17,520.00"
7965178,Resort Living 4 Bed 3.5 Bath Townhome,$106.00,8,4,6,3.5,92,5,84.58%,"$32,725.29"
11371001,MAGICAL Lucaya Village Townhome - 4 bdr / 3 bts,$75.00,8,4,6,3,22,5,78.58%,"$21,512.19"
21332427,Orlando Compass Bay Resort ¡VERY CLOSE TO PARKS!,$120.00,10,4,6,3.5,29,5,74.92%,"$32,813.50"
14820514,"Brand New Amazing Resort, Private Pool, PEQ3141",$165.00,8,4,6,3,17,5,79.67%,"$47,979.25"
8350984,Lakeview Vacation Home with pool,$155.00,10,4,6,2,33,5,78.00%,"$44,128.50"
14229356,Close to Disney 4 beds & 3 Baths +Pool&Lake DS3081,$169.00,9,4,6,3,28,5,79.33%,"$48,936.77"
17847445,Close to Disney 4 Beds & 3 baths + Pool AO3081,$169.00,9,4,6,3,51,5,79.17%,"$48,833.96"
18581965,Close to Disney 4 Beds & 3 baths + Pool JV3069,$169.00,10,4,6,3,32,5,80.58%,"$49,707.83"
21026910,Close to Disney 4 Beds & 3 Baths + Pool FH4882,$169.00,8,4,6,3,31,5,84.17%,"$51,918.21"
21698829,Close to Disney 4 Beds & 3 Baths+Pool&Lake BR4867,$169.00,10,4,6,3,19,5,76.08%,"$46,932.00"
24831614,Close to Disney 4 Beds & 3 Baths+Pool EF4909,$169.00,9,4,6,3,5,5,78.83%,"$48,628.34"
17471667,Lovely Resort 4 BR ★ near Disney & Universal!,$104.00,8,4,6,3,65,5,81.00%,"$30,747.60"
10559886,"BRAND NEW!, private Pool, Free Wifi",$135.00,10,4,6,3,73,5,76.83%,"$37,859.63"
14272960,4 Bedroom/3Bathroom Crystal Cove (4712),$129.00,10,4,6,3,47,5,76.83%,"$36,176.98"
18225096,Lucaya Home Near Disney(4Bed/3Bath)2Ensuites 1-104,$149.00,8,4,6,3,40,5,77.67%,"$42,239.02"
20395556,NEW! 4 Bedroom/3 Bathroom Lucaya Village (25-108),$125.00,12,4,6,3,26,5,79.75%,"$36,385.94"
22024091,NEW! 4 Bedrooms/3 Bathrooms Storey Lake (4853RC),$99.00,9,4,6,3,24,5,78.83%,"$28,486.43"
13825734,"Disney Themed Home, Close To Parks!",$170.00,8,4,6,3,44,5,78.42%,"$48,657.54"
22360041,Adventure Awaits! <5 Miles from Parks! 2 Masters!,$93.00,8,4,6,3,47,5,81.33%,"$27,608.60"
17291190,Destiny Disney,$120.00,8,4,6,4,32,5,83.33%,"$36,500.00"
20655812,Gorgeous Townhome by Disney w/ Private Jacuzzi,$140.00,10,4,6,3,23,5,80.58%,"$41,178.08"
20174192,10Mins UNIVERSAL/DISNEY Private Pool 4BR/8guest,$125.00,8,4,6,2,20,5,88.08%,"$40,188.02"
21232563,Bright & Sunny Resort-Style Home Near Attractions,$80.00,8,4,6,3.5,30,5,79.67%,"$23,262.67"
23858021,Large pool home 2 miles from Univeral Studios.,$199.00,11,4,6,3,23,5,82.92%,"$60,226.52"
5857872,Highgate Park - 4 bed villa with 30' pool,$146.00,8,4,6,3,34,5,83.00%,"$44,230.70"
8005325,4 Bedroom Priv. Pool/Spa Disney,$120.00,10,4,6,2,41,5,84.50%,"$37,011.00"
12289071,4 BDRM 3 BTH Disney World,$155.00,8,4,6,3,69,5,78.75%,"$44,552.81"
21502688,Gorgeous & Luxury home near Disney KWA132,$119.00,10,4,6,3.5,16,5,78.67%,"$34,168.87"
15706319,SUNSHINE LAKE VILLA 3 MILES FROM DISNEY,$149.00,8,4,6,4.5,16,5,73.00%,"$39,701.05"
19054304,Townhouse at Storay Lake near Disney in FL,$169.00,8,4,6,3,20,5,70.00%,"$43,179.50"
20000001,MyRental Property 47,$179.00,10,4,6,3,3,5,77.75%,"$50,797.96"
20000010,MyRental Property 38,$149.00,8,4,6,3,4,4.5,78.58%,"$42,737.55"
20000017,MyRental Property 32,$109.00,8,4,6,3,31,4.5,79.83%,"$31,761.69"
20000020,MyRental Property 29,$155.00,9,4,6,3,8,5,84.00%,"$47,523.00"
20000022,MyRental Property 27,$159.00,8,4,6,3,65,4.5,77.83%,"$45,170.58"
20000024,MyRental Property 25,$159.00,10,4,6,3,7,4.5,79.92%,"$46,379.64"
20000026,MyRental Property 23,$159.00,8,4,6,3,10,5,77.42%,"$44,928.76"
20000027,MyRental Property 22,$129.00,9,4,6,3.5,17,4.5,77.08%,"$36,294.69"
20000029,MyRental Property 20,$133.00,10,4,6,3,32,4.5,82.58%,"$40,090.08"
20000031,MyRental Property 18,$133.00,10,4,6,3,22,5,82.42%,"$40,009.17"
20000034,MyRental Property 15,$159.00,8,4,6,3,79,5,78.83%,"$45,750.93"
20000035,MyRental Property 14,$109.00,8,4,6,3,61,5,76.75%,"$30,534.99"
20000036,MyRental Property 13,$159.00,8,4,6,3,20,4.5,81.67%,"$47,395.25"
20000037,MyRental Property 12,$109.00,8,4,6,3,58,5,75.58%,"$30,070.83"
20000038,MyRental Property 11,$159.00,8,4,6,3,38,5,74.67%,"$43,332.80"
20000042,MyRental Property 07,$155.00,8,4,6,3,30,5,82.83%,"$46,862.96"
20000044,MyRental Property 05,$133.00,10,4,6,3,83,5,78.00%,"$37,865.10"
20000048,MyRental Property 01,$129.00,8,4,6,3.5,27,5,76.75%,"$36,137.74"
983375,Disney w/Pool Villa 4Bed/3Bath,$99.00,10,4,7,3,42,4.5,82.33%,"$29,751.15"
1089393,"Gated, 4Br/3Ba, 5mi to Disney, free WiFi/Cable TV",$79.00,10,4,7,3,83,4.5,71.42%,"$20,593.00"
10659478,Home near Disney 4br with pool,$135.00,10,4,7,3,80,5,76.92%,"$37,900.69"
18791709,Terra Verde by the Lake. Enjoy a private pool!,$145.00,14,4,7,3,85,5,79.42%,"$42,031.27"
18716488,Casa De Estrellas,$100.00,12,4,7,2,45,4.5,75.92%,"$27,709.58"
1754734,"Lakefront,gated 4Br,6mi2Disney, free WiFi/Cable TV",$85.00,10,4,7,3,87,4.5,75.00%,"$23,268.75"
20400331,Luxury 4BR townhome - Gated resort - DISNEY WORLD,$101.00,12,4,7,3,74,5,74.00%,"$27,280.10"
25180723,Great Family Vacation Home Near Disney,$99.00,10,4,7,2,34,5,76.58%,"$27,673.39"
18140593,A3-Sunny Home in Bella Vida 4 Bedrooms near Disney,$153.00,10,4,7,3,49,5,77.33%,"$43,186.80"
20412348,SPECIAL OFFER Storey Lake 4Bd3Ba Pool Lake JCZ4891,$149.00,12,4,7,3,54,5,78.58%,"$42,737.55"
13757,Venetian Bay Townhouse - 4 Bedrooms,$104.00,10,4,7,3.5,52,5,73.08%,"$27,742.43"
2525785,Luxury 4 BR Gated Villa 5 Miles to Disney WiFi,$83,10,4,7,3,58,4.5,78.83%,"$23,882.56"
1554966,Orlando Kissimmee home near Disney,$125.00,8,4,7,3,50,5,81.33%,"$37,108.33"
9877959,Villa at Disney Terra Verde Resort,$130.00,10,4,7,3,78,4.5,81.50%,"$38,671.75"
2215648,"Gated villa, 6 mi to Disney, free WiFi/TV",$85.00,10,4,7,3,98,4.5,82.50%,"$25,595.63"
18506298,Amazing Decor Townhome SL3078,$156.00,10,4,7,3,45,5,81.50%,"$46,406.10"
13393867,A1- COZY BellaVida 4 Bedrooms/4 Baths near Disney,$162.00,12,4,7,4,78,5,75.42%,"$44,593.88"
1970441,Blue Diamond Close To Disney!,$150.00,8,4,7,2,69,5,76.75%,"$42,020.63"
2074278,4BR/3 bath-near DISNEY-Upgraded-Private Pool★★★,$111.00,10,4,7,3,110,5,83.42%,"$33,796.26"
10729095,Your VIP Home in Orlando - Disney!!,$150.00,10,4,7,3,38,5,84.33%,"$46,172.50"
12436741,★ 1800sqft ★ ClubHouse ★ Pvt Pool ★ 8min to Disney,$104.00,8,4,7,3,55,5,77.67%,"$29,482.27"
7997816,Davenport Florida Close to All Theme Parks; Davenport Florida Close to All Theme Parks,$100.00,8,4,7,3,73,5,78.17%,"$28,530.83"
17779795,New townhouse near Orlando parks,$90.00,10,4,7,3.5,63,5,77.75%,"$25,540.88"
18525733,Magic Kings House - Just 3 miles from Walt Disney!,$169.00,10,4,7,3,22,5,78.33%,"$48,319.92"
6711443,Casa na Disney Kissimmee,$105.00,10,4,7,3.5,53,5,75.25%,"$28,839.56"
8081094,New Vacation Pool Home Orlando Area,$84.00,10,4,7,3.5,52,5,75.75%,"$23,224.95"
22371483,NEW! 4 Bedroom/3 Bathroom Storey Lake (4829RC),$165.00,10,4,7,3,25,5,81.08%,"$48,832.44"
22842354,WATER View 4BR/Elevator/DISNEY Area,$99.00,10,4,7,2,22,5,73.67%,"$26,619.45"
18425467,CASA VACACIONAL EN DISNEY A 5M PARQUES 10 PERS.,$113.00,10,4,7,3.5,47,5,80.08%,"$33,030.37"
19656899,"Lucaya Village, close to Disney Parks, Outlets.",$120.00,10,4,7,3,15,5,77.42%,"$33,908.50"
23379616,Luxury House 4B/3B near Airport Disney & Lake Nona,$109.00,10,4,7,2.5,9,5,76.83%,"$30,568.14"
10432579,FULLY FURNISHED 4/3 POOL DISNEY HOME,$120.00,10,4,7,2.5,43,5,78.08%,"$34,200.50"
20000047,MyRental Property 02,$129.00,9,4,7,3,40,4.5,78.25%,"$36,844.01"
4355718,Modern 4br at Gated Resort,$108.00,12,4,8,3.5,235,5,79.00%,"$31,141.80"
19313035,STOREYLAKE! 4/3POOL!GATED!LAZYRIVER,$99.00,10,4,8,3,57,5,82.25%,"$29,721.04"
21596377,LoCaTiOn! LoCaTiOn! - BRAND NEW 4/3 Private Pool!!,$139.00,10,4,8,3,51,5,74.83%,"$37,966.69"
22379401,FANTASTIC MICKEY MOUSE BRAND NEW 4BED PRIVATE POOL,$159.00,10,4,8,3,30,5,73.25%,"$42,510.64"
9973200,Stunning! 4Bedrm/3Ba/Pool/Spa/GmRm/Lake View/Gated,$185.00,10,4,8,3,22,5,78.25%,"$52,838.31"
18776892,NH-18005 Amazing New 4 Bedroom House Near Disney,$150.00,10,4,8,3,54,5,84.00%,"$45,990.00"
8574020,4B/New Home/WiFi/Pool/10 min Disney,$145.00,10,4,8,3.5,73,5,76.58%,"$40,531.73"
1190056,Luxus Villa Orlando Near Disney,$150.00,8,4,8,3.5,55,5,80.17%,"$43,891.25"
22656435,"Amazing, Cozy 4BR/3B. This house was made for YOU!",$98.00,12,4,8,3,51,5,83.67%,"$29,927.57"
17211159,4B at Terra Verde Resort with Private pool,$100.00,12,4,8,3,107,5,77.75%,"$28,378.75"
15569611,Best deal in town minutes from Disney Parks,$162.00,10,4,8,3,42,5,80.17%,"$47,402.55"
3238608,"4BVilla Toplocation,10 Min to Disney, Pool, 24hArr",$69.00,10,4,8,3.5,159,5,80.00%,"$20,148.00"
705837,"Gated villa, 5mi to Disney, sleep 12, free WiFi 71",$82.00,12,4,8,3,97,4.5,78.42%,"$23,470.11"
9346041,NH-18001 Brand New Townhouse 5 min From Disney,$130.00,11,4,8,3,86,5,76.00%,"$36,062.00"
10884000,Home Sweet Home - Near Disney World - Private pool,$137.00,10,4,8,3,101,5,79.92%,"$39,962.33"
4580517,4 bed house Private pool Like New! 2680,$129.00,10,4,8,3.5,27,4.5,78.83%,"$37,118.68"
3692946,DISNEY HOME- Huge 4BR with Private Pool at Bella Vida! (820LF),$120.00,12,4,8,3,29,4.5,78.75%,"$34,492.50"
13675429,"Gated Resort Sunny 4br by the Pool, Sleeps 12",$102.00,12,4,8,3.5,38,5,81.00%,"$30,156.30"
2889356,Luxury Home by Disney World Florida,$295.00,12,4,8,3,50,5,78.33%,"$84,345.42"
8065879,⭐ Beautiful 2300 sqft. ⭐ 4BR Villa 6 Mi. to Disney,$120.00,10,4,8,2.5,101,5,83.50%,"$36,573.00"
19264153,4 Bedroom/3 Bathrooms Crystal Cove (925EG),$135.00,10,4,8,2.5,11,5,80.00%,"$39,420.00"
21296646,New Large Townhouse Near Disney.,$125.00,10,4,8,3.5,31,5,74.67%,"$34,066.67"
20000041,MyRental Property 08,$150.00,10,4,8,3,9,5,78.17%,"$42,796.25"
10624178,Welcome to your house in Orlando and Disney area!,$123.00,12,4,9,3,149,5,81.33%,"$36,514.60"
30541201,LAUNCH PRICE! New 4bed/3bath private pool!,$99.00,16+,4,10,3,7,5,76.25%,"$27,552.94"
17432218,Perfect Home for your Vacation SL4807,$156.00,11,4,10,3,34,4.5,75.08%,"$42,752.45"
15973953,"BRAND NEWHOME, close to Disney, Free waterpark!",$99.00,10,4,10,3,64,5,82.50%,"$29,811.38"
22854916,Upgraded Family 4 bedroom Villa,$85.00,10,4,10,3,26,5,76.42%,"$23,708.27"
21311169,Townhome NEW 4 BR - Private BBQ / Splash Pool,$127.00,10,4,10,3.5,16,5,79.83%,"$37,006.74"
12915421,Casa em Resort - Condominio Windsor at Westside,$156.00,10,4,10,3.5,40,5,82.42%,"$46,928.05"
7900668,"Disney Vacation Home, Lake View, Great Location !",$145.00,11,4,11,3.5,88,5,78.58%,"$41,590.23"
21087893,Fantasia 1,$89.00,10,5,6,3,42,4.5,74.50%,"$24,201.33"
17509155,"ST61, Beautiful Lakeviews, 2 Miles from Disney!!",$212.00,12,5,6,5,20,5,79.08%,"$61,194.68"
12367560,Vacation home in Orlando,$155.00,12,5,6,5,34,5,74.08%,"$41,912.65"
9387718,Mickey Themed. Most Popular Home in the area,$185.00,11,5,6,3,25,5,82.17%,"$55,483.04"
10590841,Gorgeous Solterra Resort 15 min from Disney area,$199.00,11,5,6,5,45,5,82.50%,"$59,923.88"
7171230,Orlando 5 bdr w/pool + close to Disney,$160.00,12,5,6,5,79,5,79.58%,"$46,476.67"
9514338,Amazing House Solterra Resort 15 min from Disney,$210.00,10,5,6,4.5,26,5,78.67%,"$60,298.00"
20000033,MyRental Property 16,$189.00,10,5,6,4,13,5,83.42%,"$57,544.99"
31557455,DISNEY Pool/Spa Home 5 BDRM 3 Bath w/ updates,$125.00,10,5,7,3,123,5,85.33%,"$38,933.33"
13821210,SPECIAL OFFER Storey Lake 5Bd&4ba Pool&Lake LL3087,$179.00,12,5,7,4,64,5,76.00%,"$49,654.60"
16847375,"5 bedroom villa, private pool, 5 minutes from Disn",$176.00,13,5,7,4,24,5,82.83%,"$53,212.13"
21799563,Superior Executive Home on gated area near Disney,$115.00,12,5,7,3.5,17,4.5,81.58%,"$34,244.60"
25168316,Casa near Disney: 5 bed/3 bath lakefront pool home,$150.00,12,5,7,3,9,5,80.92%,"$44,301.88"
12570847,5bed Lake view Themed house Orlando,$190.00,10,5,6,5,40,5,81.33%,"$56,404.67"
21500202,DISNEY LUXURY HOME - THE HOUSE FOR YOUR FAMILY,$250.00,12,5,7,5,20,5,76.00%,"$69,350.00"
10550560,5B/LAKE VIEW/GAME ROOM/15MIN DISNEY,$159.00,12,5,7,3.5,88,5,82.50%,"$47,878.88"
20769592,SPECIAL OFFER Storey Lake 5Bd&4Ba+Pool Lake MB4895,$179.00,12,5,7,4,50,5,80.75%,"$52,758.01"
19055273,"Great location! Storey Lake Resort, Disney Area",$160.00,12,5,7,4,37,5,77.83%,"$45,454.67"
1332145,The Enchanted Villa in Windsor Hills near Disney,$119.00,10,5,7,5,37,5,76.08%,"$33,046.80"
17954004,Awesome Disney Vacation Rental,$119.00,10,5,7,3,16,5,80.67%,"$35,037.57"
13060936,Beautiful 5 BR townhome with pool and game room,$125.00,10,5,7,4.5,33,5,75.75%,"$34,560.94"
14120755,Vacation like a celebrity! 5 BR with splash pool!,$125.00,11,5,7,4.5,36,5,79.00%,"$36,043.75"
16871676,"5BR/4BA home with splash pool, sleeps 12!!!",$102.00,12,5,7,4,43,5,71.92%,"$26,774.58"
20709378,Phenomenal Brand New 5BD/4.5BA Townhome!,$132.00,10,5,7,3.5,17,5,77.50%,"$37,339.50"
22829341,Beautifully renovated 5BD 3.5BA villa near Disney!,$125.00,10,5,7,3.5,14,5,78.75%,"$35,929.69"
14023841,Cancelled #24,$161.00,10,5,7,4.5,13,5,81.50%,"$47,893.48"
14065462,Cancelled #29,$152.00,10,5,7,4,13,5,75.25%,"$41,748.70"
18039471,Cancelled #43,$272.00,13,5,7,5,24,5,79.25%,"$78,679.40"
19778899,Cancelled #44,$272.00,12,5,7,5,3,5,78.50%,"$77,934.80"
6747568,Disney Golf Exec. Home (1108),$219.00,10,5,7,4,19,5,80.17%,"$64,081.23"
12350280,Orlando Dream At Westside 10 min from Disney!,$76.00,11,5,7,4.5,87,5,81.08%,"$22,492.52"
6744153,Luxurious Solterra Resort 15 min from Disney area,$199.00,11,5,7,4.5,62,5,80.33%,"$58,350.12"
13967851,NEW! Modern/3m Disney (3133) Two Ensuites,$170.00,12,5,7,4,48,5,81.33%,"$50,467.33"
22272910,5 Bedroom/5 Bathroom Storey Lake (4777KC),$269.00,15,5,7,5,10,5,87.33%,"$85,748.23"
13513371,SPECIAL OFFER Storey Lake 5Bed5Bath Pool&Spa 4708,$199.00,12,5,7,5,66,5,83.50%,"$60,650.23"
15159734,New Townhome 8 minutes from Disney,$151.00,10,5,7,4,42,5,77.50%,"$42,714.13"
16017879,LUXURY 5BED 3BATH|PRIVATE POOL HOME|LAKE VIEW,$175.00,10,5,7,3,12,5,81.33%,"$51,951.67"
3709305,Disney 5bd 4bath Private Pool & Spa,$144.00,12,5,7,4,50,5,81.25%,"$42,705.00"
9489402,LUXURY HOME Paradise Palm KISSIMMEE RESORT FLORIDA,$199.00,12,5,7,5,31,5,85.08%,"$61,800.28"
16575525,New Town Home 5 Bad / 4 bat near Disney with Pool,$180.00,12,5,7,4,23,5,85.83%,"$56,392.50"
20681190,Min to Disney World! 5 bed 5 Bath !Free Shuttle!(4781),$240.00,12,5,7,5,15,5,81.92%,"$71,759.00"
15506756,**NEW 5 BED WITH POOL NEAR DISNEY**,$179.00,10,5,7,4.5,18,5,78.50%,"$51,287.98"
18854027,5 bedroom Home with Pool 10 min from Disney World,$175.00,10,5,7,3.5,27,5,81.50%,"$52,058.13"
20000011,MyRental Property 37,$299.00,12,5,7,5,25,5,82.83%,"$90,400.16"
20000012,MyRental Property 37,$299.00,12,5,7,5,25,5,78.75%,"$85,943.81"
20000025,MyRental Property 24,$189.00,10,5,7,4,24,5,78.25%,"$53,980.76"
20815316,Storey Lake Escape,$159.00,10,5,8,4,36,4.5,78.42%,"$45,509.11"
15675913,Luxurious Sonoma House - 5br with private pool!ARB,$185.00,15,5,8,5,24,5,82.08%,"$55,426.77"
21334223,STOREY LAKE NO WATER PARK FEE VACATION HOME,$129.00,14,5,8,4,50,5,74.92%,"$35,274.51"
2373716,"Gated, 5Br/3Ba, 6mi to Disney, free WiFi/Cable TV",$88.00,12,5,8,3,126,4.5,78.58%,"$25,240.97"
7109681,Private Hot Tub! Awesome 5BR Unit Near ALL Parks (2420CV),$105.00,12,5,8,3,59,4.5,81.92%,"$31,394.56"
210833,"Gated, Sleep12, free WiFi/TV, 6mToDisney, Jacuzzi",$88.00,12,5,8,3,135,4.5,81.42%,"$26,151.03"
21800983,Luxury villa near Disney !,$90.00,11,5,8,4.5,36,4.5,82.00%,"$26,937.00"
3852008,"5BR New Home, Private Pool, 15min Disney, Gated",$189.00,12,5,8,4.5,94,5,78.08%,"$53,865.79"
20215417,NH-18006 New Luxury 5 Bedr House Close to Disney,$150.00,14,5,8,4,51,5,77.42%,"$42,385.63"
27751986,Spacious 5bd near Disney -Top Rated Resort 4815,$159.00,13,5,8,4,15,5,80.17%,"$46,524.73"
18748802,Contemporary Decor Vacation Home SL4773,$257.00,11,5,8,5,19,5,78.67%,"$73,793.27"
14300396,Spacious New Villa for Families - close to disney,$169.00,10,5,8,5,35,5,80.17%,"$49,450.81"
8407531,Spectacular Orlando Golf Villa,$119.00,10,5,8,3,33,5,77.92%,"$33,843.10"
17827575,Festival Vacation Getaway - 5 Miles from Disney!,$160.00,12,5,8,5,52,5,80.17%,"$46,817.33"
23269741,Brand New 5BD/5BA Villa 10 min from Walt Disney!,$190.00,12,5,8,5,10,5,77.25%,"$53,572.88"
11303968,5 Bed/4 Bth Star Wars/Frozen Home Private Pool/Spa,$155.00,12,5,8,4,23,5,83.25%,"$47,098.69"
20000019,MyRental Property 30,$189.00,10,5,8,4,61,5,76.08%,"$52,486.09"
20960928,Stunning 5 bedroom home at Storey Lake,$220.00,10,5,9,5,25,4.5,78.50%,"$63,035.50"
19952053,SPECIAL OFFER Storey Lake 5Bed&5Bath Pool&Spa 4804,$249.00,14,5,9,5,53,5,82.08%,"$74,601.44"
27815137,Lakeview 5Br/Private Pool/Gated Resort/near Disney,$112.00,13,5,9,3,24,4.5,75.25%,"$30,762.20"
11890736,Vacation Home Orlando,$169.00,12,5,9,5,85,5,76.25%,"$47,034.81"
29828917,Comfortable with game room and pool! Near Disney!,$152.00,12,5,9,5,13,5,76.83%,"$42,627.13"
13991836,Fabulous Brand New 5Bed/5Bath/Game and Movie room,$199.00,12,5,9,5,57,4.5,82.67%,"$60,044.93"
8281657,5 Bdrm/Priv Pool MInutes to Disney!,$130.00,14,5,9,2.5,86,4.5,77.58%,"$36,813.29"
18159536,Wonder near Disney - Pool Home,$133.00,12,5,9,4,86,5,85.67%,"$41,586.88"
192505,"Relaxed Villa,3 Miles to Disney, 5BR/3.5 Bath/Pool",$140.00,12,5,9,3.5,104,5,78.33%,"$40,028.33"
15856777,NEW! Modern Home 5 Min Disney (4813) Two Ensuites,$218.00,14,5,9,4,40,5,80.17%,"$63,788.62"
18709696,NEW! 5 Bedroom/5 Bathroom Paradise Palms (8942SP),$189.00,15,5,9,5,22,5,79.17%,"$54,613.13"
22358373,5 Bathrooms/4 Bathrooms Storey Lake (4890RC),$119.00,14,5,9,4,25,5,81.42%,"$35,363.33"
14935130,5 Bedroom/4.5 Bathroom Windsor Westside (2034MD),$179.00,12,5,9,4.5,37,5,79.58%,"$51,995.77"
20747478,"Up 12 guests,9beds 5/5b Luxury at Encore WaterPark",$259.00,12,5,9,5,26,5,76.83%,"$72,634.39"
15928553,Emerald Island Luxury 5 BR 4 Bath 3 Miles Disney,$139.00,12,5,9,4,46,5,79.08%,"$40,122.93"
20000009,MyRental Property 39,$149.00,14,5,9,5,30,5,84.08%,"$45,728.72"
20000013,MyRental Property 36,$149.00,14,5,9,5,29,5,77.58%,"$42,193.70"
9506622,5Bed 5bath with pool near Disney,$204.00,14,5,10,5,102,5,75.75%,"$56,403.45"
13393890,NH-18002 Brand New 5 Bedroom Near Disney,$140.00,14,5,10,4,140,5,80.00%,"$40,880.00"
12112853,Gorgeous Disney Lake View Home,$140.00,12,5,10,3.5,30,5,82.75%,"$42,285.25"
19522947,5 bed 10 min to Disney at Storey Lake 4785,$159.00,12,5,10,5,18,5,78.00%,"$45,267.30"
3666988,Orlando Terra Verde Retreat,$160.00,10,5,10,4,66,4.5,75.75%,"$44,238.00"
18995930,NEW! 5 Bed/4 Bath Near Disney! Storey Lake (3066),$136.00,14,5,10,4,36,5,85.08%,"$42,235.37"
20484139,NEWLY BUILT 5 bed 5 bath 5 minutes to Disney World,$210.00,14,5,10,5,33,5,82.00%,"$62,853.00"
24117198,Close to Disney!NewTownhome5BD 4BTH W/Private Pool,$190.00,14,5,10,4,33,5,73.17%,"$50,741.08"
17078035,Just steps away from Disney...You will love it!,$159.00,14,5,10,2.5,42,5,77.25%,"$44,832.04"
23503908,"ST66-GATED RESORT, KIDS THEMED ROOMS, BBQ, WIFI!!!",$212.00,14,5,11,5,11,5,76.75%,"$59,389.15"
13330433,"Mickey, Minnie, Princess and fun",$159,12,5,12,4.5,39,5,81.33%,"$47,201.80"
14760522,"Townhome 5 BR NEW ""Windsor at Westside Resort""",$174.00,12,5,12,4.5,53,5,82.08%,"$52,131.13"
